mediaid,tags
2c369,"[u'nu disco', u'electronic', u'indie', u'german']"
2c3b0,"[u'hip hop', u'rap', u'philly', u'meek mill']"
2c135,"[u'indie', u'rock', u'punk', u'hardcore', u'pop', u'singer-songwriter', u'alternative', u'alternative pop', u'american', u'synthpop']"
2c0ff,"[u'indie rock', u'electronic', u'indie', u'synthpop', u'australian']"
2c3tm,"[u'pop', u'electronic', u'swedish', u'female vocalist', u'dance']"
2c05m,[u'electronic']
2c48m,"[u'indie', u'electronic', u'chillout', u'need to scrobble', u'downtempo']"
2c2wx,"[u'moombahton', u'dubstep', u'electro house', u'electro', u'electronic', u'electronica']"
15sj5,"[u'house', u'nu-disco', u'hipster dance party', u'dance dance dance', u'getupanddance', u'upbeat', u'awesome']"
2bamw,"[u'electronic', u'synthpop', u'street punk', u'indie dance', u'punk', u'dance', u'electronica', u'indie', u'house', u'nu disco']"
2a90h,"[u'hardcore', u'jd beatty', u'brett lane', u'2009', u'garage psychedelic', u'robby fronzo', u'5432fun', u'tempe', u'60s garage', u'shitcore']"
2c2fa,"[u'chillwave', u'electronic', u'lo-fi', u'psychedelic', u'electronica']"
2c1kb,"[u'experimental', u'electronic', u'indie', u'downtempo', u'kid a-esque']"
2b8vq,"[u'soul', u'electronic', u'cosmic dubstep', u'indie pop']"
2bxam,"[u'pop', u'hip hop']"
22ksd,"[u'lo-fi', u'psychedelic', u'folk', u'experimental', u'garage rock', u'psychedelic rock']"
2bt0t,"[u'electronic', u'indie', u'psychedelic', u'alternative', u'indie pop']"
2c1g8,"[u'experimental', u'psychedelic', u'freak folk', u'indie', u'folk']"
2c14y,"[u'house', u'progressive house', u'club', u'dance', u'electro house']"
2c09y,[u'electronic']
2c3ac,"[u'pop', u'electronic', u'swedish', u'female vocalist', u'dance']"
2c1d3,"[u'chillwave', u'electronic', u'lo-fi', u'psychedelic', u'electronica']"
2c24a,"[u'hip hop', u'rhythm and blues', u'rap', u'bitch house']"
2c41v,"[u'rap', u'hip hop', u'trap', u'rhythm and blues']"
2c367,"[u'hip hop', u'rap', u'underground hip hop', u'swag', u'new york']"
2c389,"[u'house', u'progressive house', u'electronic', u'swedish', u'dance']"
2ahss,"[u'psychedelic rock', u'psychedelic', u'indie rock', u'australian', u'rock']"
zjt7,"[u'psychedelic rock', u'rock', u'alternative rock', u'indie rock', u'2010s', u'psychedelic', u'indie', u'garage rock', u'alternative', u'fuck yeah']"
yqkf,"[u'animal kingdom', u'indie', u'canadian', u'2010s', u'psychedelic rock', u'shoegaze', u'alternative', u'magic female voice', u'animals', u'warm veins']"
25hg1,"[u'stoner rock', u'psychedelic rock', u'stoner', u'rock', u'psychedelic']"
2c3pf,"[u'r&b', u'ambient', u'soul', u'alternative', u'underground', u'polish', u'rhythm and blues', u'rap', u'chillwave']"
2c3mc,"[u'indie', u'british', u'soul', u'electronic']"
29gay,"[u'alt-country', u'punk rock', u'kill rock stars', u'grunge', u'country', u'folk', u'punk', u'female vocalist', u'need to check', u'art punk']"
21rvk,"[u'lo-fi', u'indie', u'surf rock', u'surf', u'alt-country', u'indie rock']"
27cmn,"[u'indie', u'alt-country', u'americana', u'kickasstic', u'pay attention', u'nashville', u'recommended', u'folk', u'female vocalist', u'spacebomb']"
27msa,"[u'folk', u'indie', u'folk rock', u'alt-country', u'indie folk']"
2bmqa,"[u'shoegaze', u'indie', u'doomcore', u'indie pop', u'darkcore', u'lo-fi', u'post-punk']"
30xf,"[u'alt-country', u'folk', u'americana', u'california', u'indie', u'country', u'alt country', u'mellow', u'woody guthrie', u'wilco']"
k47r,"[u'folk', u'indie', u'folk rock', u'alt-country', u'campfire', u'singer-songwriter', u'acoustic', u'indie folk', u'chill', u'1818']"
20jv6,"[u'folk', u'singer-songwriter', u'indie', u'americana', u'indie rock', u'indie folk', u'alt-country']"
2atnn,"[u'psychedelic rock', u'psychedelic', u'indie rock', u'australian', u'rock']"
2aade,"[u'lo-fi', u'psychedelic', u'indie rock', u'indie', u'alternative', u'psychedelic rock']"
24y1z,"[u'experimental', u'jazz', u'funk', u'psychedelic rock', u'psychedelic', u'rock']"
29adb,"[u'lo-fi', u'psychedelic', u'indie rock', u'indie', u'alternative', u'psychedelic rock']"
20jvd,"[u'psychedelic', u'neo-psych', u'stoner rock', u'indie rock', u'indie', u'psychedelic rock']"
2a1mf,"[u'psychedelic rock', u'psychedelic', u'indie rock', u'australian', u'rock']"
2avcn,"[u'lo-fi', u'psychedelic', u'indie rock', u'indie', u'alternative', u'psychedelic rock']"
27ams,"[u'dreampop', u'chillwave', u'lo-fi', u'ambient', u'experimental']"
2bfxf,"[u'indie', u'psychedelic rock', u'alternative', u'indie rock', u'danceable', u'philly', u'catchy', u'psychedelic']"
227j1,"[u'electronic', u'reggae', u'dub', u'electro']"
25xk6,"[u'electronic', u'synthpop', u'street punk', u'indie dance', u'punk', u'electronica', u'dance', u'house', u'nu disco', u'electropop']"
26gx7,"[u'60s', u'house', u'psychedelic', u'electronic', u'pop', u'disco', u'nu disco', u'psychedelic rock', u'american']"
2bwyg,"[u'downtempo', u'lo-fi', u'post-dubstep', u'smooth', u'shoegaze hip hop', u'electronic']"
2bwjt,"[u'house', u'electronic', u'vaporwave', u'lo-fi', u'chillwave']"
2btxp,"[u'chillwave', u'electronic', u'lo-fi', u'psychedelic', u'electronica']"
2b1kk,"[u'indie pop', u'lo-fi', u'indie', u'beach rock', u'california']"
2b5et,"[u'lo-fi', u'psychedelic', u'experimental', u'tropical', u'drone']"
29q40,"[u'future garage', u'electronic', u'dubstep', u'experimental', u'lo-fi']"
28ykp,"[u'chillwave', u'electronic', u'lo-fi', u'psychedelic', u'electronica']"
2bnef,"[u'indie', u'dreampop', u'indie pop', u'shoegaze', u'dreamy', u'experimental', u'electronica']"
1t7dh,"[u'electronic', u'street punk', u'synthpop', u'indie dance', u'punk', u'electronica', u'dance', u'disco', u'nu disco', u'house']"
29s5a,"[u'electronic', u'synthpop', u'street punk', u'indie dance', u'punk', u'dance', u'electronica', u'house', u'nu disco']"
2aews,"[u'electronic', u'synthpop', u'street punk', u'indie dance', u'punk', u'dance', u'electronica', u'house', u'nu disco']"
2654z,"[u'electronic', u'synthpop', u'street punk', u'indie dance', u'punk', u'electronica', u'dance', u'house', u'nu disco', u'electropop']"
trz4,"[u'electronic', u'indie', u'alternative', u'dub', u'female vocalist']"
2b5tf,"[u'indie', u'electronic', u'deep house', u'neo-soul', u'dreampop', u'listen']"
1696z,[u'rohitcagarwal']
2bk4b,"[u'electronic', u'chillout', u'instrumental hip hop', u'australian', u'hip hop', u'wonky']"
2bzvm,"[u'electronic', u'house', u'chillout', u'disco house', u'funk']"
2bzkc,"[u'electronic', u'reggae', u'dub', u'electro']"
2b9ng,"[u'r&b', u'electronic', u'pop', u'powerpop', u'power pop', u'hip hop']"
2bd2b,"[u'chillout', u'house', u'electronic']"
2ax54,"[u'mello music group', u'alternative rap', u'underground rap']"
2c2et,"[u'ambient', u'electronic', u'experimental', u'techno', u'downtempo']"
228mk,"[u'rhythm and blues', u'soul', u'r&b', u'hip hop', u'miguel']"
21hnn,"[u'drum and bass', u'dubstep', u'british', u'uk funky', u'electronic']"
t8q4,"[u'hip hop', u'rap', u'dc']"
226ye,"[u'electronic', u'house', u'disco house', u'chillout', u'funk']"
2b9jx,"[u'electronic', u'pop', u'electro house', u'house', u'american', u'selfie', u'instagram', u'united states', u'alternative dance']"
2b6yd,"[u'hip hop', u'rap', u'funk', u'soul']"
2bzsd,"[u'pop', u'rhythm and blues', u'female vocalist', u'dance', u'soul']"
265r5,"[u'indie', u'indie rock', u'indie pop', u'surf rock', u'pop']"
229ha,"[u'happy dance', u'pop', u'indie', u'alternative', u'indie rock', u'happy', u'2010s', u'2014', u'hollister', u'male vocalists']"
2b8z0,"[u'indie', u'electronic', u'need to scrobble', u'chillout', u'downtempo', u'female vocalist']"
2bbc8,"[u'female vocalist', u'chillout', u'indie', u'downtempo', u'trip-hop', u'australian']"
2ba6s,"[u'trap', u'electronic', u'experimental', u'heavy']"
2baq6,"[u'electronic', u'hip hop', u'trip-hop', u'ninja tune', u'electronica']"
2b92r,"[u'pop', u'swedish', u'electronic', u'female vocalist', u'indie']"
2b9xa,"[u'electronic-lounge', u'groove', u'minnesota', u'sxsw 2010s', u'nu-bluz', u'nu disco', u'electro', u'indie', u'american']"
2b8xm,"[u'electronic', u'indie pop', u'downtempo', u'dreampop', u'british', u'years']"
2c03e,"[u'electro', u'disco', u'retro-electro', u'dance', u'electronic', u'valerie']"
29w6h,"[u'folk', u'australian', u'indie folk', u'singer-songwriter', u'indie', u'female vocalist']"
2c1r6,"[u'funk', u'soul', u'metalcore', u'stones throw']"
229wz,"[u'icelandic', u'rock', u'female vocalist', u'iceland', u'icelandic rock']"
247x6,"[u'chillwave', u'lo-fi', u'electronic', u'synthpop', u'chillout']"
1rmtg,[u'los angeles']
4t74,"[u'electronic', u'instrumental', u'indie', u'electronica', u'electro', u'dance', u'ratatat', u'indietronica', u'guitar', u'rock']"
1410v,"[u'french house', u'house', u'french touch', u'rap', u'disco', u'disco house', u'torun', u'poka', u'electronic']"
skyq,"[u'electro', u'indie pop', u'dance', u'electronic', u'disco', u'check out again', u'fun', u'highly bloggable electro']"
110ex,"[u'folk', u'bluegrass', u'thrashgrass', u'indie pop', u'alt-country', u'indie', u'country', u'minnesota', u'energetic', u'americana']"
45qw,"[u'britpop', u'rock', u'90s', u'british', u'oasis', u'alternative', u'indie', u'alternative rock', u'indie rock', u'pop']"
2c10q,"[u'hip hop', u'rap', u'shitty anal gaycore']"
296pt,"[u'hip hop', u'rap', u'chicago', u'jazz rap']"
2bzm1,"[u'indie', u'indie pop', u'british']"
2c221,"[u'electronic', u'indie', u'british', u'electropop']"
2c228,"[u'rap', u'hip hop', u'conscious hip hop']"
2by5n,"[u'electronic', u'indie', u'indie pop']"
24te4,"[u'visual kei', u'j-rock', u'jrock']"
2bzty,"[u'pop', u'russian', u'dance', u'90s', u'russian pop', u'electronic']"
2c2a8,"[u'hip hop', u'rap', u'west coast']"
2c298,"[u'rhythm and blues', u'electronic', u'dubstep', u'canadian', u'prog-rhythm and blues']"
2aynk,"[u'rap', u'hip hop', u'conscious hip hop']"
sqpk,"[u'electronic', u'top quality', u'disco', u'ion b radio', u'mind-blowing shit', u'electronica', u'electro', u'trippy', u'dance', u'gorgeousness']"
v81m,"[u'rap', u'motivational', u'eminem', u'678-74-311-75', u'dirty south', u'hip hop', u'golephish', u'drake', u'dj dumbass']"
27mzc,"[u'electronic', u'chillout', u'ambient', u'electronica', u'norwegian']"
25z92,"[u'dreampop', u'folk', u'acoustic', u'indie', u'experimental']"
26eye,"[u'soul', u'rhythm and blues', u'blues', u'60s', u'oldies']"
1agk1,"[u'indie pop', u'indie']"
smtq,"[u'house', u'favourite remixes', u'electro']"
1b9zx,"[u'hip hop', u'rap', u'alternative rap', u'house']"
6fnn,"[u'folk', u'indie', u'indie folk', u'gypsy', u'balkan', u'alternative', u'beautiful', u'beirut', u'singer-songwriter', u'summer']"
205k2,"[u'hip hop', u'rap', u'underground hip hop', u'alternative rap']"
204z0,"[u'indie', u'electro', u'perth', u'cut copy', u'the presets', u'crystal castles', u'van she', u'sun city', u'grafton primary', u'crooked colours']"
11f4z,"[u'dirty south', u'hip hop', u'rap', u'southern rap', u'houston', u'ugk']"
27170,"[u'indie', u'female vocalist', u'british', u'alternative']"
12nm7,"[u'electro', u'electronic', u'fidget house', u'house', u'dance', u'electronica']"
176za,"[u'electronica', u'downtempo', u'nu rave', u'downbeat', u'electro']"
26x11,"[u'indie', u'indie pop', u'electropop', u'electronic', u'electronica']"
26by0,"[u'dreampop', u'indie', u'indie pop', u'chillout', u'lastfmsc', u'american']"
26khp,"[u'hip hop', u'rap', u'underground hip hop']"
25e7m,"[u'folk', u'acoustic', u'singer-songwriter']"
2651y,"[u'electronic', u'moombahton', u'brujahton']"
1n80b,"[u'post rock', u'math rock', u'noise rock']"
26dqh,"[u'electronic', u'idm', u'ambient', u'experimental', u'electronica']"
td31,"[u'house', u'for later', u'electro house', u'remix', u'electronic', u'electro']"
tjvw,"[u'hip hop', u'rap', u'chill', u'public enemy', u'soundtrack', u'90s', u'new york', u'old school', u'american', u'explicit']"
22m21,"[u'pop', u'indie pop', u'weird canada', u'5432fun', u'lo-fi', u'indie', u'psychedelic pop', u'folk', u'dreampop']"
260dr,"[u'indie pop', u'indie', u'twee', u'female vocalist', u'acoustic']"
27ehz,"[u'trap', u'electronic', u'bass']"
16hr5,"[u'indie', u'alternative rock', u'indie rock', u'sonic rock', u'aitch', u'chill', u'aitchknight', u'aitchsonic', u'moonh8sun', u'aitchchill']"
rhs4,"[u'jay-z', u'hip hop', u'state property']"
27qph,"[u'electronica', u'indie', u'electronic', u'electro', u'dark', u'try']"
w4d2,"[u'2010s', u'rel-mnth:2010s:november', u'so funky', u'soul', u'monte carlo nightss', u'neo soul', u'bbe']"
1e7j4,"[u'2010s', u'indie rock', u'indie', u'alternative', u'2011', u'radioeins', u'21st century rock', u'indie pop', u'rock', u'alternative rock']"
1993j,"[u'hip hop', u'aitchknight', u'moonh8sun', u'aitch', u'aitchrap', u'lupe fiasco', u'alternative rap', u'cool down', u'2010s', u'chicago']"
17a3h,"[u'winter', u'come on winter', u'the elements', u'christmas']"
1b0e2,[u'cover']
26txn,"[u'indie', u'indie pop', u'electropop', u'electronic', u'electronica']"
26a2r,"[u'indie', u'indie rock', u'alternative', u'rock', u'american']"
tqc7,"[u'chill', u'indie', u'remix', u'electronic', u'indie pop', u'acoustic', u'mellow', u'downtempo', u'norwegian', u'kings of convenience']"
26vk9,"[u'hip hop', u'underground hip hop', u'rap', u'new york']"
26tj0,"[u'hip hop', u'rap', u'dirty south', u'southern rap']"
zk4s,"[u'adversity', u'chill', u'ambition', u'city', u'women']"
8fyp,"[u'soul', u'60s', u'oldies', u'rhythm and blues', u'motown', u'otis redding', u'blues', u'male vocalists', u'mellow']"
ec8e,"[u'cover', u'indietronica', u'cover version', u'jimmy', u'best of 2008-9', u'indie electronica', u'oh-cover', u'cocktails at sunset', u'excellent song', u'mamma g radio']"
q66h,"[u'indie rock', u'indie', u'indie pop', u'00s', u'indie-rock', u'rock', u'alternative', u'vampire weekend', u'american', u'reggae']"
23tcs,"[u'nu disco', u'electronic', u'electropop', u'electronica', u'synthpop', u'nu-disco', u'indie dance', u'disco', u'indietronica', u'dance']"
26t41,"[u'electronic', u'electropop', u'uk', u'iran', u'contemporary r&b', u'indie', u'electronica']"
26n5b,"[u'electronic', u'synthpop', u'street punk', u'indie dance', u'punk', u'dance', u'electronica', u'house', u'nu disco', u'electropop']"
63cw,"[u'acoustic', u'indie', u'chillout', u'mellow', u'kings of convenience', u'indie pop', u'folk', u'norwegian', u'relaxing', u'alternative']"
20cjh,"[u'dreampop', u'indie', u'chillout', u'indie pop', u'lastfmsc', u'american', u'female-vocalist']"
26rsp,"[u'electronic', u'rock', u'pop', u'duo']"
26t7k,"[u'chillwave', u'electronic', u'glo-fi', u'ambient', u'electronica']"
26tye,"[u'house', u'electro house', u'electronic', u'electro', u'dance']"
261f8,"[u'indie', u'electronic', u'british', u'alternative', u'indie pop']"
26wg0,"[u'pop', u'indie pop', u'electronic', u'indie', u'new zealand', u'female vocalist']"
26mpj,"[u'electronic', u'electro', u'electronica', u'chillout', u'thesixtyone']"
tet1,"[u'britpop', u'rock', u'indie', u'alternative', u'british']"
j17x,[u'wonky']
1a8tr,"[u'rock', u'11', u'alternative', u'folk']"
1aajv,"[u'f50 2011', u'2010s', u'2011']"
1faj,"[u'alternative', u'80s', u'rock', u'indie', u'alternative rock', u'violent femmes', u'indie rock', u'punk', u'fun', u'post-punk']"
sk35,"[u'indie', u'pop', u'funky', u'vintage', u'funk', u'soul', u'blue sky days', u'2000s', u'summertime', u'oifm']"
qp90,"[u'indie', u'indie pop', u'french', u'electronic', u'dance', u'summer', u'catchy', u'indie rock', u'pop', u'rock']"
vhfh,"[u'collaborations', u'00s', u'hip hop', u'pursuit of happiness', u'mgmt']"
22ejp,"[u'ambient', u'indie', u'electro', u'alternative rock', u'belgian', u'hip hop', u'alternative', u'rock', u'electronic']"
236gd,"[u'electro house', u'electro', u'dubstep', u'house', u'electronic']"
2374v,"[u'indie pop', u'female vocalist', u'swedish', u'electronic', u'pop', u'indie']"
23781,"[u'indie pop', u'electronic', u'indie', u'female vocalist', u'british']"
236m2,"[u'indie', u'indie pop', u'female vocalist', u'indie rock', u'soul', u'pop']"
236kx,"[u'indie', u'house', u'electronica', u'australian', u'nu disco']"
mrhv,"[u'ethereal', u'downtempo', u'dreamy', u'minnesota', u'mesmerizing', u'shimmery', u'chillout', u'fluorescent', u'minneapolis', u'hypnotic']"
1fz16,[u'my shit']
s486,"[u'indie', u'french', u'catchy', u'dance', u'indie pop', u'indie rock', u'alternative', u'electronic', u'pop', u'phoenix']"
r4gh,"[u'indie pop', u'todorcicl', u'indie', u'electronic', u'indie rock']"
w7mw,"[u'mashup', u'rock', u'rap']"
23wf2,"[u'folk', u'indie', u'pop', u'singer-songwriter', u'indie folk', u'male vocalists', u'the bedford']"
24jdj,"[u'hip hop', u'rap', u'underground hip hop']"
rtw7,"[u'indie', u'electronic', u'indietronica', u'indie pop', u'electro', u'electropop', u'pop', u'female vocals', u'indiena sound', u'edit']"
pdpr,"[u'electronic', u'happy', u'catchy', u'cheerful', u'uplifting', u'electronica', u'norwegian', u'chillout', u'r\xf6yksopp', u'awesome']"
1kze6,"[u'electronic', u'pop', u'female vocalist', u'indie pop', u'indie', u'british', u'electronica', u'britpop']"
1f545,"[u'house', u'electronic', u'french']"
j6kn,"[u'hip hop', u'female vocalist', u'pop-hop', u'diplo', u'vocal', u'club misfits', u'free-hop', u'rhymes', u'fem rap', u'remixes']"
234rw,"[u'experimental', u'beats', u'abstract', u'spacehop', u'electronic']"
1m1bd,"[u'dubstep', u'dub', u'epic']"
20xm4,"[u'indie rock', u'folk', u'indie', u'folk rock', u'rock']"
238f5,"[u'indie', u'electropop', u'electronic', u'indie pop', u'electronica']"
237kw,"[u'electro', u'seductive', u'dark-ish', u'again', u'under 5000 listeners', u'dar paklausyti daugiau']"
236fk,"[u'folk', u'indie', u'singer-songwriter', u'pop', u'under 2010s0 listeners']"
1zm6w,"[u'swedish', u'rap', u'hip hop', u'roskilde 07', u'roskilde 2007', u'ghettotech']"
1z53b,"[u'hip hop', u'rap', u'electronic', u'female vocalist', u'hip-house']"
205p1,"[u'female vocalist', u'malaysian', u'indie', u'folk', u'acoustic', u'singer-songwriter', u'malaysia']"
205dd,"[u'hip hop', u'rap', u'rhythm and blues', u'canadian']"
204ky,"[u'indie', u'experimental', u'pop', u'alternative', u'indie pop', u'male vocalists']"
2055a,"[u'hip hop', u'rap', u'soul', u'alternative rap']"
205f7,"[u'quirky', u'indie folk', u'folk', u'good tims', u'instant feel-good', u'insane happiness', u'indie', u'indie rock', u'fun music', u'hand clapping']"
1ksca,"[u'hip hop', u'funk', u'blues', u'jazz', u'soul', u'chicago']"
1ksjr,"[u'female vocalist', u'indie', u'indie pop', u'alternative', u'folk', u'british']"
1ksb9,"[u'indie rock', u'experimental', u'indie', u'freak folk', u'avant-garde']"
1d055,"[u'house', u'electronic', u'progressive house', u'electro', u'minimal']"
1ks3x,"[u'groovy', u'grove punk', u'trippy', u'stoner rock']"
1ks63,"[u'pop', u'british', u'psychobilly', u'garage rock', u'the wanted']"
1kr6z,"[u'female vocalist', u'indie', u'indie pop', u'pop', u'alternative']"
1krb0,"[u'minimal techno', u'minimal', u'house', u'progresive house', u'dance', u'electronica', u'electronic', u'electro']"
11sem,"[u'indie', u'indietronica', u'electronic', u'summer', u'2010s', u'a good day', u'dance', u'british', u'indie pop', u'night driving']"
1m1d0,"[u'electronic', u'brazilian', u'electroclash', u'electro', u'electropop']"
1ky0n,"[u'dubstep', u'electronic', u'electro']"
1m0a7,"[u'surf shit', u'stoner', u'greensboro']"
1kzn8,"[u'hip hop', u'rap', u'indie', u'underground hip hop']"
1kzfe,"[u'house', u'electronic', u'electro', u'techno', u'electronica']"
1m0ab,"[u'shoegaze', u'electronic', u'indie', u'dreampop', u'pop', u'post-rock', u'electronica', u'dreamy', u'rock', u'00s']"
1kzak,"[u'street punk', u'electronic', u'punk', u'melodic punk', u'00s', u'pop']"
1k8g5,"[u'indie', u'british', u'disco', u'electronic', u'uk', u'united kingdom']"
1kqq6,"[u'experimental', u'indie', u'chillwave', u'dreampop', u'avant-garde']"
1ksgh,"[u'90s', u'rock', u'pop', u'female vocalist', u'alternative', u'no doubt', u'ska', u'sad', u'alternative rock']"
1ktar,"[u'house', u'electro house', u'epic', u'dance', u'electronic', u'metalcore', u'electro', u'pure awesome']"
1ks44,"[u'tropical', u'lo-fi', u'experimental']"
1krp8,"[u'dubstep', u'electronic', u'bass']"
1ks0q,"[u'hip hop', u'rap', u'kansas', u'xv']"
1krzh,"[u'female vocalist', u'indie', u'canadian', u'singer-songwriter', u'pop', u'indie pop', u'cover', u'feist', u'mellow', u'chillout']"
1ks5c,"[u'chillwave', u'dreampop', u'electronic', u'indie', u'glo-fi']"
1ks6g,"[u'reggae', u'roots reggae']"
1kbc4,"[u'hip hop', u'rap', u'alternative rap']"
1kbzc,"[u'african', u'world', u'mali', u'sennik', u'world music', u'mellow', u'melancholic']"
1ksas,"[u'electro', u'electronic', u'dirty electro', u'canadian', u'house']"
1ks5y,"[u'singer-songwriter', u'indie', u'alternative', u'melodic', u'rock']"
1kr1b,"[u'indie', u'indie pop', u'alternative', u'american']"
1eahn,"[u'electronic', u'electro', u'audio video disco', u'justice', u'ed banger records', u'radio4265', u'other level', u'french', u'rock', u'electronica']"
1ddwn,"[u'chillwave', u'electronic', u'psychedelic', u'electropop', u'alternative', u'best of 2011', u'videogame', u'indie pop', u'lo-fi', u'electronica']"
1e8a9,"[u'hip hop', u'2011', u'hood', u'my addictionz', u'situations', u'wiz khalifa', u'featuring', u'5']"
1erev,"[u'house', u'summer', u'piano']"
1egj6,"[u'best of 2011', u'missy elliott', u'hip hop', u'rap', u'j cole']"
1dwev,"[u'indie', u'female vocalist', u'british', u'alternative', u'beautiful', u'indie rock', u'indie pop', u'awesome', u'pop', u'fucking awesome']"
1gff0,"[u'pop', u'dance', u'electropop', u'female vocalist', u'electronic']"
1jphx,"[u'house', u'electronic', u'dance', u'electro house', u'electro']"
1g64b,"[u'rock', u'alternative', u'blues', u'soul', u'acoustic']"
1ffz9,"[u'hip hop', u'hassanmcmillan', u'rap']"
1g6nk,"[u'francaisgdchill', u'personal favourites']"
1g5vx,[u'dubstep']
1g7r0,"[u'mashup', u'dance']"
1fz31,"[u'folk', u'female vocalist', u'british', u'indie', u'singer-songwriter']"
1g53y,"[u'2012', u'male vocalists', u'lust', u'2010s', u'groove nation', u'dance', u'hip hop', u'american', u'2011', u'pop']"
1bgn6,"[u'alt-country', u'singer-songwriter', u'female vocalist', u'indie', u'folk', u'country', u'americana']"
1bem2,"[u'singer-songwriter', u'alt-country', u'rock', u'indie', u'folk']"
1epjs,"[u'indie', u'electronic', u'indie rock', u'post-punk', u'dance', u'dance-punk', u'rock']"
1e2kk,"[u'dubstep', u'mashup', u'zeds dead', u'female vocalist']"
1fbqe,"[u'male vocalists', u'cover', u'indie']"
1f4am,"[u'hip hop', u'rap', u'kanye west', u'jay-z']"
1etbs,"[u'house', u'groovy', u'night music', u'summer', u'club', u'dance', u'disco house', u'disco influence', u'piano']"
1f4xw,"[u'indie', u'indie rock', u'indie pop', u'alternative', u'rock']"
1espa,"[u'indie', u'smooth', u'brillian', u'indie pop', u'beautiful', u'soothing']"
1csa5,"[u'singer-songwriter', u'alt-country', u'rock', u'kansas city', u'americana', u'folk']"
1dp5k,"[u'house', u'dance', u'electronic', u'club']"
1bptt,"[u'alt-country', u'local', u'sxsw 2011']"
1bx5q,"[u'indie', u'indie rock', u'alt-country', u'rock', u'alternative']"
1bdkk,"[u'singer-songwriter', u'alt-country', u'rock', u'indie', u'folk']"
1berf,"[u'folk', u'blues', u'alt-country', u'singer-songwriter', u'americana', u'country']"
1bxj3,"[u'alt-country', u'nashville', u'kickasstic', u'pay attention', u'recommended', u'indie', u'americana']"
1aq2h,"[u'alt-country', u'cowpunk', u'alt country', u'cow punk', u'indie', u'pub rock', u'psychobilly', u'old-time revival', u'country rock', u'rockabilly']"
1berb,"[u'folk', u'blues', u'alt-country', u'singer-songwriter', u'americana', u'country']"
1berc,"[u'folk', u'blues', u'alt-country', u'singer-songwriter', u'americana', u'country']"
1bdkm,"[u'singer-songwriter', u'alt-country', u'rock', u'indie', u'folk']"
1bdxz,"[u'folk', u'singer-songwriter', u'alt-country', u'teh typos', u'diana', u'killforpeace', u'names', u'interesting', u'americana', u'the merch grrls']"
1bc3v,"[u'hip hop', u'2010s', u'stargate', u'2011', u'bev g', u'male vocalists', u'pop']"
1bbds,"[u'folk rock', u'singer-songwriter', u'alt-country', u'seattle', u'northwest', u'americana']"
1bdk7,"[u'singer-songwriter', u'alt-country', u'rock', u'indie', u'folk']"
1bera,"[u'folk', u'blues', u'alt-country', u'singer-songwriter', u'americana', u'country']"
1bdm3,"[u'electro', u'french touch', u'2010s', u'nu rave', u'electronica']"
1awtf,"[u'indie', u'downtempo', u'rock', u'chillout', u'daytrotter', u'champaign-urbana', u'psychedelic', u'ambient', u'alternative', u'www daytrotter sessions']"
122mx,"[u'country', u'female vocalist', u'folk', u'singer-songwriter', u'alt-country']"
qdje,"[u'folk', u'singer-songwriter', u'americana', u'alt-country', u'country', u'townes van zandt', u'townes', u'acoustic', u'today', u'six feet under']"
1bbdx,"[u'folk rock', u'singer-songwriter', u'alt-country', u'seattle', u'northwest', u'americana']"
1atc2,"[u'southern rock', u'country', u'americana', u'singer-songwriter', u'alt-country']"
18kgj,"[u'folk', u'alt country']"
1bdk6,"[u'singer-songwriter', u'alt-country', u'rock', u'indie', u'folk']"
1bdkc,"[u'singer-songwriter', u'alt-country', u'rock', u'indie', u'folk']"
1a055,"[u'alt-country', u'rock', u'ohio', u'athens', u'dayton']"
1bbvs,"[u'mpsvd-luisterpaal-j', u'american', u'iowan', u'folk', u'male vocals']"
19mrn,"[u'alt-country', u'nashville', u'kickasstic', u'pay attention', u'recommended', u'indie', u'americana']"
1bbhp,[u'acerbic']
1b90q,"[u'morning maniac music', u'2010s', u'2011']"
10hkx,"[u'alt-country', u'indie rock', u'americana', u'vocal harmony', u'juddery bass', u'mother american night', u'catchy', u'country rock', u'alternative', u'sweet harmony']"
bj2x,"[u'indie', u'indie rock', u'rock', u'alt-country', u'folk', u'alternative', u'chuck', u'gossip girl', u'happy', u'claps']"
19ad0,"[u'alt-country', u'local', u'sxsw 2011']"
18d25,"[u'folk', u'rock', u'seattle', u'alt-country', u'american', u'americana']"
1berk,"[u'folk', u'blues', u'alt-country', u'singer-songwriter', u'americana', u'country']"
1bemj,"[u'alt-country', u'americana', u'singer-songwriter', u'southern rock', u'southern rawbilly', u'post amoeba', u'christian', u'post grunge folk', u'post post', u'post core']"
1bdww,"[u'twangy', u'alt-country', u'komotion', u'90s', u'sf', u'indie', u'alternative']"
1bdjx,"[u'singer-songwriter', u'alt-country', u'rock', u'indie', u'folk']"
1bdk4,"[u'singer-songwriter', u'alt-country', u'rock', u'indie', u'folk']"
1bdke,"[u'singer-songwriter', u'alt-country', u'rock', u'indie', u'folk']"
1adc0,"[u'rock', u'alternative', u'badass', u'alternative rock', u'folk', u'indie pop', u'indie', u'mainstream indie', u'indie rock']"
197sq,"[u'alt-country', u'nashville', u'kickasstic', u'pay attention', u'recommended', u'indie', u'americana']"
1bemh,"[u'alt-country', u'americana', u'singer-songwriter', u'southern rock', u'southern rawbilly', u'post amoeba', u'christian', u'post grunge folk', u'post post', u'post core']"
1b7qh,"[u'americana', u'alt-country', u'alt country', u'bloodshot records', u'country', u'bloodshot', u'chicago', u'sxsw2007']"
1bdjd,"[u'singer-songwriter', u'alt-country', u'rock', u'indie', u'folk']"
tbe2,"[u'singer-songwriter', u'alt-country', u'rock', u'indie', u'folk']"
1bdjm,"[u'singer-songwriter', u'alt-country', u'rock', u'indie', u'folk']"
1bdjc,"[u'singer-songwriter', u'alt-country', u'rock', u'indie', u'folk']"
1bbdt,"[u'folk rock', u'singer-songwriter', u'alt-country', u'seattle', u'northwest', u'americana']"
1bbdv,"[u'folk rock', u'singer-songwriter', u'alt-country', u'seattle', u'northwest', u'americana']"
1bdjq,"[u'singer-songwriter', u'alt-country', u'rock', u'indie', u'folk']"
1bd94,"[u'folk', u'singer-songwriter', u'americana', u'alt-country', u'acoustic']"
1bdk5,"[u'singer-songwriter', u'alt-country', u'rock', u'indie', u'folk']"
1bdjp,"[u'singer-songwriter', u'alt-country', u'rock', u'indie', u'folk']"
1bdjv,"[u'singer-songwriter', u'alt-country', u'rock', u'indie', u'folk']"
1aasq,"[u'indie', u'catchy']"
1bdjs,"[u'singer-songwriter', u'alt-country', u'rock', u'indie', u'folk']"
1bdjg,"[u'singer-songwriter', u'alt-country', u'rock', u'indie', u'folk']"
1b4px,[u'relaxing']
1b57r,"[u'morning maniac music', u'2010s', u'2011']"
1bdjz,"[u'singer-songwriter', u'alt-country', u'rock', u'indie', u'folk']"
1bdka,"[u'singer-songwriter', u'alt-country', u'rock', u'indie', u'folk']"
1bdj5,"[u'folk', u'rock', u'alternative', u'jozzylein', u'times ten', u'male vocals', u'indie', u'american', u'indie rock']"
1bdjr,"[u'singer-songwriter', u'alt-country', u'rock', u'indie', u'folk']"
a1n6,"[u'singer-songwriter', u'alt-country', u'country', u'rock', u'alt country', u'ryan adams', u'americana', u'male vocalists', u'00s', u'true blood']"
1bdjk,"[u'singer-songwriter', u'alt-country', u'rock', u'indie', u'folk']"
1bd4p,"[u'indie', u'indie rock', u'alt-country', u'rock', u'alternative']"
1ba1q,"[u'alt-country', u'americana', u'singer-songwriter', u'southern rock', u'southern rawbilly', u'post amoeba', u'christian', u'post grunge folk', u'post post', u'post core']"
1b8v4,"[u'singer-songwriter', u'alt-country', u'americana', u'rock', u'austin']"
1a63q,"[u'east coast rap', u'best of 2011', u'rap']"
1akfa,"[u'indie rock', u'alt-country', u'2011', u'2010s', u'bonnarooooooooo', u'best of 2011', u'radioparadise', u'rock', u'radio paradise', u'check out']"
1b8vc,"[u'singer-songwriter', u'alt-country', u'rock', u'indie', u'folk']"
1b93v,"[u'alt-country', u'acoustic', u'tonder festival 2008', u'tipicos topicos', u'folk']"
1a8rj,"[u'rock', u'11', u'alternative', u'folk']"
1bbhr,"[u'indie', u'indie rock', u'alt-country', u'rock', u'alternative']"
1b5pj,"[u'dubstep', u'massive']"
190q4,[u'lieder des tages']
18bt7,"[u'indie', u'synthpop', u'electronic', u'best of 2011', u'winter', u'quirky', u'2010s', u'chill', u'2011', u'electropop']"
108jg,"[u'dreampop', u'british', u'viabytefm', u'chill', u'radiohead office chart', u'zajebiste', u'indie']"
1b6qs,[u'electro house']
18c30,"[u'dreampop', u'pop', u'fucking good', u'summertime', u'we are breathless', u'discovery', u'female vocalist']"
14wvc,"[u'acoustic', u'cover', u'beautiful', u'british', u'cover songs']"
rppc,"[u'indie', u'indie rock', u'female vocalist', u'canadian', u'alternative', u'rock']"
vjep,"[u'southern rock', u'alt-country', u'southern', u'indie', u'rock', u'hard rock', u'alternative', u'dbt', u'drive-by truckers', u'americana']"
19p5w,"[u'rock', u'11', u'alternative', u'folk']"
13smw,"[u'nashville', u'alt-country', u'indie', u'pay attention', u'recommended', u'kickasstic', u'americana']"
1b7zm,"[u'2011', u'2010s']"
1b5g1,"[u'2010s', u'electro house', u'kelis', u'2011', u'calvin harris', u'electronica', u'electronic', u'summer', u'summerfeeling']"
19dre,"[u'redrage keys', u'dance', u'my 2010s', u'august 2011', u'feel good']"
d6gc,"[u'folk', u'acoustic', u'indie', u'beautiful', u'singer-songwriter', u'mellow', u'bon iver', u'melancholy', u'indie folk', u'sleep to this']"
w0q8,"[u'folk rock', u'indie', u'folk', u'2010s', u'mexican mavis', u'best of 2010s', u'australian', u'australia', u'sydney', u'special']"
1af10,"[u'hip hop', u'mac miller', u'rap', u'party', u'pop', u'boston', u'nice', u'awesome production']"
1ba1p,"[u'alt-country', u'americana', u'singer-songwriter', u'southern rock', u'southern rawbilly', u'post amoeba', u'christian', u'post grunge folk', u'post post', u'post core']"
1baxw,"[u'house', u'electronic', u'progressive house', u'electro', u'minimal']"
158kj,"[u'house', u'club music']"
1b93h,"[u'rap', u'hip hop', u'midwest rap', u'xavier', u'bump', u'boii boii', u'carmelsoulsista', u'king polar']"
1b9aq,[u'female vocalist']
1afzn,"[u'electronic', u'electro', u'french', u'dance', u'electronica']"
1ba33,"[u'indie', u'indie pop', u'alternative', u'indie rock', u'catchy', u'pop', u'foster the people', u'indie dance', u'rock', u'american']"
x1v7,"[u'pop', u'fav', u'monster', u'baby monster', u'remix']"
1b89w,"[u'singer-songwriter', u'underground hip hop', u'hip hop', u'rap', u'e-dubble', u'indie', u'producer']"
1b6d9,"[u'dutch house', u'house', u'electro house', u'club', u'progressive house', u'dance', u'electronica', u'electronic']"
18vtm,[u'brilliant']
1b0s0,"[u'rap', u'hip hop', u'eminem']"
1b24j,"[u'house', u'electro house', u'electro', u'electrohouse']"
1a9z9,"[u'drum and bass', u'trance', u'electronic', u'liquid funk', u'soul']"
1789c,"[u'african', u'world', u'mali', u'africa', u'french']"
124sg,"[u'indie pop', u'summer', u'indie', u'female vocalist', u'lo-fi', u'electronic', u'2010s', u'experimental', u'best of 2010s', u'sleigh bells']"
1753q,"[u'dubstep', u'chillout', u'chillstep', u'blackmill']"
10k0q,"[u'blues rock', u'rock', u'garage rock', u'indie rock', u'blues', u'indie', u'the black keys', u'2010s', u'best of 2010s', u'alternative']"
13n5s,"[u'rock', u'indie', u'indie rock', u'alternative', u'canadian', u'alternative rock', u'endless repeat', u'electronic', u'2010s', u'dreamy']"
15xt6,"[u'hip hop', u'alternative hip hop', u'aitch', u'awake', u'aitchrap', u'aitchsonic', u'lupe fiasco', u'aitchepic', u'chill', u'cover']"
17hp9,"[u'indie rock', u'rock', u'best of 2011', u'electronic', u'awesome', u'indie', u'conor oberst', u'pop', u'sasquatch 2011', u'male vocalists']"
z73x,"[u'electronic', u'experimental', u'electronica', u'awesome', u'best of 2010s', u'gilbert', u'alternative', u'indie', u'2010s', u'folktronica']"
y7dr,"[u'indie', u'experimental', u'indie pop', u'alternative', u'indie rock']"
15wcb,"[u'dubstep', u'electronic', u'listen loud', u'epic remix']"
1ahex,"[u'pop', u'dance', u'female vocalist', u'britney spears', u'legend']"
19k2h,"[u'indie pop', u'indie', u'shoegaze', u'rock', u'2011', u'pop']"
1aa3b,[u'dubstep rmx']
1ahcr,"[u'italian', u'rap', u'nick carter', u'howie dorough', u'canadian', u'spanish', u'rock', u'blues', u'hip hop', u'backstreet boys']"
1aez0,"[u'hip hop', u'beastie boys', u'2011', u'dope beat', u'rap', u'alternative', u'd', u'playlist 2011', u'2010s', u'rock']"
1ae4f,"[u'dubstep', u'chillstep', u'chillout']"
1ab7h,"[u'xaphoon jones', u'passion pit', u'chiddy bang', u'the jackson five', u'mashups']"
18jdc,"[u'rap', u'hip hop', u'gangsta rap', u'west coast']"
17pca,"[u'house', u'electro house', u'progressive house', u'dutch', u'electronic']"
102c2,"[u'indie', u'indie pop', u'ethereal', u'chill', u'hipster', u'shoegaze', u'chillout', u'ambient', u'psychadelic', u'catchy']"
17pn7,"[u'chillout', u'jazz-hop', u'jazz', u'jazz hop', u'hip hop']"
pr7d,"[u'electro', u'electro house', u'remix', u'remixes', u'dopeness', u'assssssssid', u'tech house', u'electronica', u'electronic', u'hott']"
12ec5,"[u'dubstep', u'electronic', u'cover', u'great cover', u'grime']"
z7wd,"[u'folk', u'acoustic', u'singer-songwriter', u'swedish', u'indie rock', u'lo-fi', u'mood:confident', u'terrifilicious', u'zum-durch-den-ikea-poebeln', u'nu-folk']"
11aym,"[u'electronic', u'pop', u'dance', u'electropop', u'swedish', u'female vocalist', u'2010s', u'synthpop', u'bittersweet', u'robyn']"
10gjx,[u'progressive metal']
155za,"[u'hip hop', u'rap', u'electronic']"
1621k,"[u'mashup', u'electronic']"
15v9c,"[u'dubstep', u'skrillex', u'electronic']"
17nvy,"[u'electronic', u'alternative', u'alternative rock', u'electronica', u'trip hop', u'pop', u'experimental', u'indie', u'summer tune', u'best of 2011']"
1618f,"[u'bruno mars', u'break up songs', u'moving on', u'life goes on', u'exboyfriend', u'alternative hip hop', u'i can relate', u'angry', u'upbeat', u'my life soundtrack']"
11x0p,"[u'pop', u'dance', u'electronic', u'female vocalist']"
162dq,"[u'dubstep', u'electronic', u'breakcore', u'', u'electronica']"
1e85t,"[u'listen loud', u'bitch music', u'female vocalist', u'turquoise and coral', u'rocket shoes mixtapes', u'fave indie pop', u'electronic']"
1espe,"[u'drum and bass', u'electronica', u'2011', u'hospital']"
1jgv0,"[u'flya electronica', u'flya electronica groovy']"
1g5hj,"[u'hip hop', u'rap', u'chicago', u'underground hip hop']"
1g60h,"[u'electro swing', u'swing hop', u'electroswing', u'swinghouse', u'electro-swing']"
1d7tj,"[u'hip hop', u'rap', u'alternative rap', u'moosecore']"
16nnm,[u'dreamy']
15562,"[u'indie', u'funk', u'pop', u'british', u'fusion', u'upbeat', u'dance', u'electronic', u'hip hop', u'electro']"
11whf,"[u'new zealand', u'rap', u'hip hop', u'nz', u'samoanz', u'new york', u'sxsw 2009', u'need to rate']"
120m5,"[u'hip hop', u'outkast', u'dirty south', u'funk', u'chillout', u'horns', u'soul', u'90s', u'trumpet', u'damn']"
121jz,"[u'hip hop', u'chill', u'alternative hip hop', u'rap']"
tgsm,"[u'acoustic', u'singer-songwriter', u'indie', u'acoustic dreams', u'folk', u'kings of convenience', u'norwegian', u'best of 2009', u'beautiful lyrics', u'folksy deliciousness']"
12bjt,"[u'mashup', u'electronic']"
12ewk,"[u'soundtrack', u'alternative', u'aitch', u'twilight', u'aitchsonic', u'moonh8sun', u'aitchchill', u'sonic rock', u'aitchawake', u'rock']"
hv6n,"[u'indie', u'experimental', u'female vocalist', u'folk', u'freak folk', u'alternative', u'new weird america']"
14d3j,"[u'hip hop', u'indie', u'rap', u'mashup', u'mash-up', u'swingin summer singles', u'dj prophet', u'speed freaks', u'dirty laundry']"
14fp8,"[u'hip hop', u'indie', u'rap', u'mashup', u'mash-up', u'swingin summer singles', u'dj prophet', u'speed freaks', u'dirty laundry']"
11ngk,"[u'psychedelic', u'psychedelic rock', u'classic rock', u'rock']"
11p39,"[u'electronic', u'house', u'deadmau5', u'electro house', u'revientapistas', u'2010s', u'minimal', u'ca', u'progressive house', u'electronic music']"
140t3,"[u'hip hop', u'bass', u'dubstep remix filthy', u'rap', u'dub', u'dubstep', u'daft punk', u'sam adams', u'awesome']"
143rp,"[u'house', u'electronic', u'dance', u'french', u'electronica']"
13ymc,"[u'hip hop', u'grime', u'uk hip hop', u'uk', u'rap', u'london', u'british']"
14146,"[u'hip hop', u'party', u'beats', u'north carolina', u'music', u'electronic', u'new', u'dope', u'awesome']"
12mkz,"[u'hip hop', u'rap', u'dj', u'new york', u'underground hip hop', u'american']"
v1wz,"[u'indie', u'french', u'indie pop', u'electronic', u'rock']"
12gbs,"[u'male vocalists', u'hip hop', u'rap']"
12kz0,"[u'britpop', u'rock', u'british', u'alternative', u'indie']"
10g9w,"[u'mashup', u'2010s', u'00s', u'rap hip hop']"
an3p,"[u'hip hop', u'summer', u'slug-o', u'summer vibes', u'inspirational', u'underground', u'relaxin', u'2011', u'summer tracks', u'happy']"
11nf2,"[u'cover', u'female vocalist', u'pop', u'acoustic', u'british', u'sweet', u'britpop', u'audioeric-fm-cover', u'indie rock']"
11px3,"[u'mashup', u'electronic']"
b1wn,"[u'britpop', u'indie', u'alternative', u'90s', u'british', u'rock', u'blur']"
shb9,"[u'indie', u'electronic', u'electropop', u'very chill', u'pop', u'swedish', u'electronica', u'2009', u'00s', u'repeatrepeatrepeat']"
kq1z,"[u'electronic', u'electropop', u'indie', u'indietronica', u'synth', u'electro', u'dance', u'awesome', u'crank it up', u'yyeeeessssss']"
zezy,"[u'electronic', u'rap', u'hip hop', u'comedy', u'parody', u'mashup']"
zrgm,"[u'soul', u'neo-soul', u'2010s', u'indie', u'best of 2010s', u'pop', u'rhythm and blues', u'retro']"
112cr,"[u'hip hop', u'rap', u'electronic']"
j3n8,"[u'rap', u'hip hop', u'chill', u'kid cudi', u'the prayer', u'mixtape', u'2008', u'niiiiiice', u'male vocalists', u'rocket shoes mixtapes']"
10spe,"[u'electronic', u'indie', u'remix', u'dance', u'indie dance', u'kitsune', u'indie electronic', u'electronica', u'electronic indie', u'2010s']"
10rst,"[u'ska', u'reggae', u'sublime', u'cover', u'dub', u'punk', u'ska punk', u'rock', u'chill', u'drugs']"
kkj9,"[u'instrumental', u'disco']"
11mk1,"[u'hip hop', u'chill', u'alternative hip hop', u'rap']"
rm01,"[u'indie', u'french', u'indie pop', u'electronic', u'rock']"
r37c,"[u'indie', u'percussion', u'rock', u'drums', u'indie rock', u'2009', u'awesome', u'alternative', u'white rabbits', u'00s']"
11gk0,"[u'hip hop', u'killa cam', u'rap', u'diplomats']"
10nwd,"[u'hip hop', u'rap', u'gangsta rap']"
10s0e,"[u'rap', u'hip hop', u'the xx', u'the notorious big', u'diddy', u'bad boy records', u'indie hip hop', u'mase', u'mashup', u'dirty']"
11mhk,"[u'electronic', u'indie', u'psychedelic', u'alternative', u'indie pop']"
11f9p,"[u'hip hop', u'rap', u'gang starr', u'east coast rap', u'dj premier', u'underground hip hop', u'the good stuff', u'new york', u'superb', u'inspectah deck']"
11626,[u'mash-up']
11nnh,[u'favourite remixes']
91z5,"[u'indie', u'indie pop', u'summer', u'california', u'west coast', u'jason schwartzman', u'road trip music', u'mellow', u'00s', u'singer-songwriter']"
kgqy,"[u'cover', u'what a cover', u'take cover', u'acoustic', u'cover songs']"
10npy,"[u'mash-up', u'dirty laundry', u'notorious big', u'dj prophet', u'catchy as hell', u'the xx', u'top quality', u'ion b radio', u'hip hop', u'speed freaks']"
w6fn,"[u'folk', u'visceral', u'transcending', u'freedom', u'liebling', u'little lion man', u'epic', u'ansiedade', u'alternative rock', u'running']"
10s0d,"[u'mashup', u'dj prophet', u'favs', u'swingin summer singles', u'gh']"
n8r6,"[u'mashup', u'bootie mashup', u'dance', u'bootie mashup dj', u'bootie', u'mash-up', u'rap']"
10s72,"[u'hip hop', u'indie', u'rap', u'mashup', u'mash-up', u'swingin summer singles', u'dj prophet', u'speed freaks', u'dirty laundry']"
ywmy,"[u'classic rock', u'rock', u'psychedelic', u'the velvet underground', u'70s', u'proto-punk', u'mellow', u'60s', u'soundtrack']"
12gsj,[u'mashup']
4jcp,"[u'indie', u'electronic', u'pop', u'french', u'dance', u'indie pop', u'phoenix', u'rock', u'alternative', u'funky']"
zh5d,"[u'cover', u'sweet cover', u'live', u'atrocious cover']"
zfa7,"[u'mashup', u'electronic', u'remix', u'hip hop', u'mash-up']"
rmg6,"[u'mashup', u'electronic', u'remix', u'hip hop', u'mash-up']"
zx98,"[u'mashup', u'hip hop']"
zwcs,"[u'mashup', u'rusko', u'cockney thug']"
t7gk,"[u'mashup', u'electronic', u'remix', u'hip hop', u'mash-up']"
saem,"[u'party time', u'mdv', u'nix partly', u'indie', u'oh my', u'nix vocalising', u'feel good songs', u'party ambience', u'yacht', u'dance party']"
tedp,"[u'folk', u'indie folk', u'indie', u'whistling', u'upbeat', u'happy', u'summer', u'alternative', u'epic', u'home']"
rxp3,"[u'experimental', u'indie', u'indie rock', u'rock', u'alternative']"
10e1a,"[u'mashup', u'electronic']"
v1rq,[u'electronic']
1088r,"[u'mashup', u'electronic']"
1077k,"[u'brilliant gibberish', u'epic', u'kick-ass', u'soundscapes', u'sigur ros']"
w2xz,"[u'cover', u'indie', u'downtempo', u'alternative', u'easy', u'mushy', u'sad', u'cool', u'england', u'experimental']"
xprk,"[u'progressive rock', u'rock', u'70s', u'classic rock', u'instrumental', u'psychedelic', u'experimental', u'yodeling', u'dutch', u'progressive']"
shb4,"[u'electronic', u'alternative', u'electropop', u'pop', u'beautiful', u'silvia', u'swedish', u'indie', u'synth', u'chill']"
108mg,"[u'hip hop', u'rap', u'chicago', u'alternative rap', u'underground hip hop']"
v9et,"[u'masterpiece', u'thug-rap']"
5f4j,"[u'canadian', u'k-os', u'top 40', u'hip hop', u'funk', u'k os', u'cant-con', u'pop', u'earworm']"
107nt,"[u'rap', u'hip hop', u'dirty south', u'southern rap']"
107fw,"[u'indie', u'british', u'indie pop', u'electronic', u'indie rock', u'2010s', u'irish', u'alternative indie', u'new british invasion', u'best of 2010s']"
105xk,"[u'drake', u'hip hop', u'rap', u'young money', u'2010s', u'inspirational', u'canadian']"
107a4,"[u'indie', u'indie rock', u'female vocalist', u'alternative', u'rock', u'alternative rock']"
106x7,"[u'folk', u'blues', u'memories', u'beautiful', u'romantic', u'australian', u'acoustic', u'rock', u'herz an ohr', u'dreamy']"
sxxg,"[u'fav', u'electronic', u'party']"
zbjg,"[u'mashup', u'mash up', u'hip hop', u'rap']"
yzsk,"[u'house', u'remix', u'dance', u'electronic', u'electro', u'electro house', u'ost', u'2k11', u'male vocalists', u'nba']"
yzkj,[u'best memories']
v4hg,[u'great cover']
wr53,"[u'house', u'progressive house', u'ohmondieu', u'french house', u'great memories', u'to check out', u'favourite remixes', u'favs4265', u'vertic', u'soulful house']"
z40m,"[u'sleeping', u'sleep']"
wtrc,"[u'hip hop', u'chillout', u'downtempo', u'trip-hop', u'electronic', u'instrumental', u'groovy', u'sveglia dolce', u'abstract hip hop', u'turntablism']"
wtk5,"[u'zipcodes', u'00s']"
sgnw,"[u'hip hop', u'rap', u'electronic']"
wr2a,"[u'punk', u'australian', u'rock', u'aussie', u'indie', u'punk rock', u'post-punk', u'hardcore']"
wtpm,"[u'wale', u'hip hop', u'flute', u'chill', u'bump this shit', u'rap', u'nice', u'talk', u'new']"
wc2b,"[u'mashup', u'hip house', u'hous', u'rap']"
wbg3,"[u'4', u'radiohead']"
q3ke,"[u'folk', u'singer-songwriter', u'indie', u'alt-country', u'indie rock']"
pe12,"[u'indie', u'singer-songwriter', u'strings', u'best of 2009', u'machinery', u'rock', u'indie rock', u'enigmatic', u'favourites', u'proper songs']"
xqjv,"[u'indie pop', u'acoustic', u'indie', u'hypemachine', u'female vocalist']"
xp2g,"[u'mashup', u'electronic']"
y0rf,"[u'neo-psychedelia', u'alternative rap']"
8smr,"[u'ed banger', u'french touch', u'house', u'french house', u'electronic', u'electro']"
x9q8,"[u'mediocre song-great remix', u'bad piano player', u'redlight', u'skinny', u'female singer', u'redlight remix', u'blonde women']"
w2er,"[u'hardcore', u'gabber', u'techno', u'hardcore techno', u'rave']"
8anb,"[u'indie', u'indie rock', u'canadian', u'alternative', u'rock', u'epic', u'alternative rock', u'beautiful', u'arcade fire', u'awesome']"
e1e5,"[u'indie', u'tiamo', u'indie pop', u'alternative', u'rock', u'moonflowerlikes', u'awesome']"
xfvr,"[u'indie', u'french', u'indie pop', u'electronic', u'rock']"
6ts0,"[u'indie', u'indie rock', u'alternative', u'rock', u'modest mouse', u'alternative rock', u'indie pop', u'happy', u'catchy', u'00s']"
xfwv,"[u'electronic', u'dance', u'house', u'electronica', u'techno']"
1cxw,"[u'cool beat', u'partay', u'dance', u'electronic', u'hip hop', u'excelente', u'weed mentioned', u'00s']"
t7ng,"[u'hip hop', u'trip-hop', u'turntablism', u'electronica', u'funky', u'electronic', u'breaks', u'downtempo', u'underground hip hop', u'top quality']"
x3p9,"[u'acoustic', u'gossip girl soundtrack', u'nos3', u'cover', u'take cover', u'chiclete']"
6k70,"[u'hip hop', u'underground hip hop', u'rap', u'aesop rock', u'underground', u'def jux', u'chill', u'definitive jux', u'indie', u'new york']"
s2er,"[u'trumpets', u'hip hop', u'piano']"
1b63h,"[u'death metal', u'hip hop', u""death'n'roll"", u'alternative']"
45vm,"[u'rhymefest', u'underground hip hop', u'sample based', u'summer', u'hip hop', u'ridiculous', u'chicago', u'sampled based', u'chi-town', u'chi towns finest']"
w5r0,"[u'electronic', u'electro', u'electroclash', u'electropop', u'ed banger', u'female vocalist']"
qymc,"[u'audioase', u'cover', u'missy elliot cover']"
qc6a,"[u'indie', u'electropop', u'electronic', u'electronica', u'miike snow', u'pop', u'catchy', u'swedish', u'dance', u'alternative']"
w7d5,"[u'indie rock', u'indie', u'alternative', u'indie pop', u'pop', u'afro pop', u'rock', u'2010s', u'american', u'00s']"
mxq0,"[u'djb glastonbury 2011', u'indie pop', u'folk', u'twee', u'narrative', u'acoustic', u'sweet', u'rock', u'quirky', u'indie rock']"
kjm4,"[u'nick and norah', u'posh', u'gute stimme', u'melody maker']"
veq4,"[u'hip hop', u'rap', u'alternative rap', u'house']"
vkef,"[u'experimental', u'rap']"
vfb3,"[u'yes', u'foda', u'lobhigio', u'yap', u'weed smokers anthem', u'urban', u'acoustic rhythm piano', u'hip hop', u'yeah', u'prominent percussion']"
vm3w,"[u'electronic', u'electro', u'french', u'dance', u'electronica']"
yrgg,"[u'dubstep', u'electronic', u'female vocalist', u'remix', u'electronica', u'la roux', u'great remix', u'synthpop', u'techno', u""drum'n'bass""]"
t5nj,"[u'electronic', u'electro', u'swedish', u'electronica', u'2009', u'electropop', u'indietronica', u'powerful', u'house', u'bedroom dancing']"
vbyy,"[u'drum and bass', u'liquid funk', u'awesome :o', u'effing awesome', u'high contrast', u'good', u""drum'n'bass"", u'juicy remix']"
vbpt,[u'indie']
w1fs,"[u'indie', u'pop', u'french', u'indie pop', u'indie rock', u'rock', u'alternative', u'electronic', u'phoenix', u'alternative rock']"
c53c,"[u'electronic', u'funk', u'electro', u'dance', u'electronica']"
w0s9,"[u'dj', u'mash up', u'indie', u'remix', u'sampling']"
rhqc,"[u'mfnw', u'folk rock', u'mashup', u'fuck em billy', u'bouncin around boombox', u'refixed', u'best played loud', u'play it loud', u'hip hop', u'got that feeling']"
qmdh,"[u'electronic', u'dreamy', u'epic', u'french', u'ambient', u'indie rock', u'electronica', u'electro', u'ethereal', u'best of 2009']"
vz6m,"[u'electropop', u'indie', u'electronic', u'swedish', u'pop', u'indie pop', u'electronica', u'chill', u'indietronica', u'electro']"
smgf,"[u'indie', u'indietronica', u'indie electronic', u'experimental', u'chill groove', u'alternative reggaeton', u'yum', u'catchy', u'indie rock', u'life is easy']"
v678,"[u'house', u'electro house', u'progressive house']"
3m88,"[u'indie', u'indie pop', u'swedish', u'pop', u'alternative', u'happy', u'whistling', u'indie rock', u'summer', u'chillout']"
w0s1,"[u'electro', u'electronic', u'dance', u'italian', u'indie']"
w0v7,"[u'singer-songwriter', u'folk', u'pop', u'john mayer', u'rock', u'indie', u'acoustic', u'male vocalists', u'chillout', u'pop rock']"
w0mw,"[u'electro', u'swedish']"
vxyr,"[u'sunshine', u'fresh']"
r80g,"[u'yes means no', u'dream team']"
vf8f,"[u'3', u'mash-up']"
vq91,[u'enak gila']
vaqp,"[u'hip hop', u'rap', u'east coast rap', u'jay-z']"
9rbd,"[u'country', u'cover', u'johnny cash', u'folk', u'singer-songwriter', u'acoustic', u'u2 cover', u'rock', u'u2', u'guitar']"
gq27,"[u'electronic', u'instrumental', u'electronica', u'ratatat', u'sex android', u'alternative', u'haunting', u'indie', u'new music', u'00s']"
qbbg,"[u'acoustic', u'cover', u'folk', u'indie', u'rock', u'mellow', u'melancholy', u'chill', u'guitar', u'feel good']"
vb36,"[u'hip hop', u'jay-z', u'best of', u'chill', u'vintage kanye production', u'winter', u'catchy', u'rap', u'catchy beat', u'strings and horns']"
r6j7,"[u'remix', u'house', u'dance', u'snowboard', u'hip hop', u'rap', u'party', u'male vocalists', u'hypemachine', u'electronic']"
wqxb,"[u'female vocalist', u'electronic', u'british', u'indie', u'indie pop', u'pop']"
v434,"[u'tofind', u'dreamy', u'indie', u'chillout', u'great', u'electronic', u'edit']"
ry1x,"[u'funk', u'my best', u'mellow', u'soulnetwork-co-uk', u'baby', u'soul', u'cocktails at sunset', u'ss', u'american', u'psychedelic soul']"
2ywv,"[u'indie', u'indie rock', u'alternative', u'indie pop', u'happy', u'rock', u'catchy', u'pop', u'dreamy', u'alternative rock']"
qsy1,"[u'mash-ups', u'mashup', u'house', u'rap', u'dance', u'dsdsds', u'hip hop', u'pop', u'mashups']"
v4va,"[u'fred falke', u'fred falke remix', u'remix', u'animals', u'2009', u'party', u'bass guitar']"
p6r0,"[u'techno', u'electronic', u'remix', u'mind-melting', u'missingtoof', u'female vocalist', u'swedish', u'atmosphere', u'avant garde', u'experimental']"
9726,"[u'classic rock', u'rock', u'60s', u'rolling stones', u'blues rock', u'guitar', u'm70rock', u'rock band', u'stones']"
rbgk,"[u'indie', u'electronic', u'french', u'indie pop', u'electronica', u'electro', u'france', u'pop rock', u'francais', u'alternative']"
rh43,"[u'house', u'progressive house', u'electronic', u'trance', u'chillout', u'catchy as hell', u'deadmau5', u'zone', u'sunny drive', u'funky prog house']"
34d8,"[u'indie', u'folk', u'singer-songwriter', u'beautiful', u'sufjan stevens', u'mellow', u'chicago', u'indie pop', u'indie folk', u'alternative']"
rram,[u'sooooooooo goooooodddd']
hcr9,"[u'dance', u'remix', u'electro', u'uplifting', u'electro pop', u'tune', u'pop', u'piano', u'australian', u'funky']"
1a4xq,"[u'hip hop', u'toronto', u'beautiful', u'canada', u'drake', u'indie sample', u'canadian', u'back and forth', u'hot shit', u'lykke li']"
ty42,"[u'dup', u'dupstep', u'electronic']"
ty1e,"[u'electronic', u'electro house', u'electro', u'acid']"
5q52,"[u'indie', u'alternative', u'singer-songwriter', u'indie pop', u'badly drawn boy', u'happy', u'pop', u'acoustic', u'indie rock', u'british']"
tzvn,"[u'happy', u'so cute', u'indie', u'scottish', u'singer/songwriter', u'chamber pop']"
tw2n,"[u'acoustic', u'indie', u'indie pop', u'mellow', u'folk', u'chillout', u'singer-songwriter', u'alternative', u'norwegian', u'beautiful']"
tvpf,"[u'indie rock', u'alternative', u'indie', u'julian plenti', u'i like', u'post-punk', u'2009', u'amazing', u'stargate universe', u'interpol']"
rb48,"[u'epic', u'movie', u'childhood', u'nostalgia', u'melancholy']"
tw6k,"[u'soul', u'motown', u'60s', u'female vocalist', u'oldies']"
tefc,"[u'acoustic', u'chillout', u'indie', u'folk', u'pop-folk', u'2009', u'alternative', u'mellow', u'beautiful', u'norwegian']"
texx,"[u'addictive', u'best of 2009', u'best song ever', u'epic', u'dizzy', u'delicious', u'reassuring', u'brilliant', u'lizvelrene2009', u'on the floor']"
5fwm,"[u'classic rock', u'rock', u'70s', u'singer-songwriter', u'lou reed', u'glam rock', u'alternative', u'new york', u'classic', u'oldies']"
mqap,"[u'indie', u'indie pop', u'happy', u'makes me smile', u'upbeat', u'catchy', u'rock', u'fun', u'indie rock', u'2009']"
rkfh,"[u'electronic', u'indie', u'pop', u'catchy', u'fun', u'indietronica', u'party', u'happy', u'electropop', u'awesome']"
ssda,"[u'electronic', u'indie', u'club', u'zierkafasza', u'spain', u'dance', u'catchy', u'revoir', u'synthpop', u'pop rock']"
mtkg,"[u'remix', u'pretty excellent remix', u'electropop', u'the city life', u'chromeo', u'shit i adore', u'fun', u'walkman music', u'very good', u'my life soundtrack']"
syn4,"[u'electronic', u'dance', u'electronica', u'electro', u'sunny', u'2009', u'universal', u'electro-melancholy', u'john legend']"
sh97,"[u'leapsandleeloo', u'bout', u'electronic', u'dreamwave']"
gzpz,"[u'electronic', u'house', u'dance', u'electronica', u'electro']"
qe9q,"[u'remix', u'banger', u'taraaa', u'amazing', u'happy face', u'funky', u'better than original', u'catchy']"
t7pw,"[u'blues rock', u'funk rock', u'rock', u'male vocalist', u'fip', u'blues', u'soul', u'heavy', u'radio nova', u'hard rock']"
stqx,"[u'indie', u'surf pop', u'summer', u'surf', u'california', u'indie rock', u'indie pop', u'happy', u'surf rock', u'whistling']"
c26m,"[u'macbook air', u'new soul', u'apple', u'female vocalist', u'easy', u'indie', u'makes me smile', u'hip hop', u'happy', u'yael naim']"
rknb,"[u'electronica', u'indietronica', u'japan', u'so fucking cool', u'electrosexy', u'ultimate sexellence', u'completely unique', u'electronic', u'experimental', u'00s']"
t9ws,"[u'piano', u'alternative', u'female vocalist', u'pop', u'regina spektor', u'singer-songwriter', u'indie', u'indie folk', u'hypnotizing', u'musical poetry']"
tb9n,"[u'indietronica', u'electronic', u'indie', u'indie rock', u'american', u'psychedelic', u'alternative', u'electronica', u'catchy', u'dance']"
14zc9,"[u'hip hop', u'indie', u'electronic', u'rap', u'g-eazy']"
qxfq,"[u'indie', u'electronic', u'synthpop', u'electro-pop', u'dance', u'2009', u'indie pop', u'electropop', u'electro', u'passion pit']"
jgex,"[u'rock', u'indie rock', u'alternative', u'indie', u'kings of leon', u'alternative rock', u'sexy', u'southern rock', u'sex on fire', u'awesome']"
t9w2,"[u'remix', u'underground hip hop', u'hip hop', u'four tet', u'electronic', u'four tet remixes', u'video game sounds', u'radio phantom zone', u'cover']"
t97p,[u'uswag']
t6f6,[u'groovy']
mswq,"[u'folk', u'indie', u'indie rock', u'fleet foxes', u'rock', u'indie folk', u'beautiful', u'alternative', u'mellow', u'00s']"
t6pv,"[u'pop', u'80s', u'dance', u'soul', u'funk']"
t6a3,"[u'electropop', u'electronic', u'synthpop', u'dance', u'indietronica', u'british', u'female vocalist']"
ssqz,"[u'mashup', u'cj milli', u'electronic']"
syn9,"[u'hip hop', u'mashup']"
ssy8,"[u'taproom remix', u'clap']"
kt7a,"[u'indie rock', u'male vocalists']"
jtsc,"[u'dance', u'indie', u'remixes', u'alternative', u'8-bit', u'electro', u'dance dance dance', u'death remix', u'electronica', u'surprisingly good']"
ssza,[u'a a']
1bp6,"[u'electronic', u'remix', u'dance', u'indie', u'electro', u'female vocalist', u'mstrkrft', u'canadian', u'remixes', u'metric']"
vdqj,"[u'female vocalist', u'indie', u'indie rock', u'british', u'pop', u'brit rock', u'best of 2009', u'retro', u'soul', u'alternative']"
sq55,"[u'hip hop', u'american', u'rap', u'pop', u'urban']"
pg78,"[u're-re-re-re-re-mixed songs', u'lollapalooza 2009', u'remix', u'electronic']"
b6t2,"[u'electronic', u'post-rock', u'indie', u'krautrock', u'indie rock']"
sphq,"[u'indie', u'french', u'indie pop', u'electronic', u'rock']"
t5hf,"[u'indie', u'alternative', u'female vocalist', u'british', u'beautiful', u'epic', u'indie pop', u'rock', u'maurice', u'pop']"
sqjv,"[u'chillout', u'downtempo', u'electronic', u'electronica', u'ambient', u'chilled', u'trip hop', u'1999', u'good stuff', u'triphop']"
sqdg,"[u'alternative', u'alternative rock', u'grunge', u'rock', u'90s']"
sr4e,"[u'mashup', u'chanting', u'revolutionary', u'rebel', u'party', u'freedom', u'irish', u'personal', u'the genre', u'drinking']"
sps5,"[u'indie', u'dreampop', u'sxsw 2007', u'violin', u'cool', u'sxsw2007', u'sxsw discovery']"
sqnx,"[u'indie rock', u'female vocalist', u'2009', u'indie', u'rock', u'for keeps']"
qp9f,"[u'indie', u'beautiful', u'indie rock', u'best of 2009', u'summer', u'folk', u'alternative', u'heart shivers', u'2009', u'dreamy']"
je9g,[u'remixxx']
sg2z,"[u'alternative', u'electronic']"
spgz,"[u'transmusicales', u'electronica']"
eq50,"[u'hip hop', u'rap', u'underground', u'garage-hop']"
spja,"[u'electronic', u'ambient', u'trance', u'house', u'dance', u'netlabel']"
sr4g,"[u'mashup', u'angus house party', u'rebel', u'climbing', u'personal', u'electronic', u'hip hop', u'drinking', u'the genre', u'mashups']"
be6z,"[u'cover', u'best cover version', u'mellow', u'favourite cover', u'me', u'coverongs', u'indie rock']"
s8px,"[u'electronic', u'new rave', u'british', u'electroclash', u'electronica', u'electropop']"
n5pa,"[u'dance', u'electropop', u'indie', u'new rave', u'electronic', u'male vocal', u'fucking brilliant', u'upbeat', u'male vocalists', u'pop']"
smrx,"[u'electronic', u'electropop', u'experimental', u'dance', u'pop']"
23383,"[u'psychedelic rock', u'psychedelic', u'indie rock', u'australian', u'rock']"
2asey,"[u'bombelki', u'indie', u'alternative rock', u'indie rock', u'alternative', u'epic', u'perfect', u'2013', u'2013 single', u'hammer stimmer']"
2b5c3,"[u'female vocalist', u'indie', u'indie pop', u'pop', u'alternative']"
v55s,"[u'amazing cover', u'acoustic', u'cover', u'great coverversion']"
27nrm,"[u'indie', u'dreampop', u'noise', u'shoegaze', u'post-punk', u'darkwave', u'indie pop', u'british', u'schlau machen', u'bands we like']"
1hcvp,"[u'dreampop', u'post-punk', u'2010s', u'shoegaze']"
r65a,"[u'canadian', u'hip hop', u'good hip hop', u'shit is official', u'canadian hip hop', u'summer', u'heisse scheibe', u'catchy as shit', u'ill track', u'top quality']"
2bznk,"[u'deep house', u'house', u'progressive house', u'downtempo', u'electronic']"
2b0gs,"[u'club', u'house', u'dance', u'electronic', u'romanian']"
1f5yf,"[u'rap', u'hip hop', u'2011', u'relaxed', u'chill as fuck', u'philadelphia', u'2010s', u'def jam', u'best of 2011']"
1ffe4,[u'remix']
2c15e,"[u'indie', u'indie rock', u'american', u'hard-pop', u'los angeles', u'power pop']"
26xhz,[u'pop']
21kgk,"[u'indie', u'british', u'indie rock', u'alternative', u'indie pop']"
24s65,"[u'experimental', u'throat singing', u'inuit', u'throat singer', u'female vocalist', u'nunavut', u'inuit throat singer', u'love', u'canada']"
emqs,"[u'indie', u'alternative', u'indie rock', u'rock', u'alternative rock', u'psychedelic', u'experimental']"
wm2h,"[u'remix', u'indie', u'alternative', u'chill groove', u'2-step', u'electronica', u'indie rock', u'00s', u'funky', u'folk']"
kabk,"[u'indie', u'pop', u'indie pop', u'sweet', u'cute', u'female vocalist', u'ipod', u'electronic', u'happy', u'chairlift']"
xbmh,"[u'funk', u'soul', u'rock', u'indie', u'summer 2011 playlist', u'funk rock', u'carefree', u'stripper tune', u'full stops', u'sexy']"
1agyw,"[u'remix', u'foster the people', u'the knocks', u'dance', u'electronic', u'pop', u'indie rock']"
26qkp,"[u'electronic', u'idm', u'ambient', u'experimental', u'electronica']"
vc74,"[u'trippy', u'powerful', u'awesome']"
26w7s,"[u'ambient', u'electronic', u'chillwave', u'chillout', u'australian']"
26vkp,"[u'post-soul', u'coachella', u'guardian new music']"
236d7,"[u'indie', u'indie pop']"
1f3cm,"[u'mix', u'mashup', u'mash-up', u'hip hop', u'blip-hop', u'remix', u'not hip hop', u'dj', u'mashcore', u'beat']"
1z1vr,"[u'electronic', u'chillstep']"
22m26,[u'jungle']
207bj,"[u'rap', u'hip hop', u'eminem']"
1m1ef,"[u'folk', u'acoustic', u'singer-songwriter', u'british', u'indie folk']"
1m13r,"[u'indie', u'indie pop', u'australian', u'electronic', u'synthpop', u'folktronic', u'electro', u'folktronica', u'electropop', u'indietronic']"
1m0jt,"[u'electronic', u'downtempo', u'funk', u'chill', u'dance']"
1m044,"[u'ambient', u'electronica', u'club', u'retro electro', u'lo-fi', u'chill', u'trippy', u'remix', u'indie rock', u'nu-disco']"
1ebcm,"[u'mashup', u'electronic']"
1dfpn,"[u'electronic', u'funk', u'electro', u'dance', u'electronica']"
1dw12,"[u'hip hop', u'rap', u'yonas rapper', u'fusion', u'new york', u'yonas', u'yonas music', u'soul', u'dance', u'music']"
1e9hp,[u'bev g']
1b7px,"[u'nashville', u'alt-country', u'indie', u'pay attention', u'recommended', u'kickasstic', u'americana']"
1b93s,"[u'alt-country', u'acoustic', u'tonder festival 2008', u'tipicos topicos', u'folk']"
1bbdw,"[u'folk rock', u'singer-songwriter', u'alt-country', u'seattle', u'northwest', u'americana']"
16s1w,"[u'nashville', u'alt-country', u'indie', u'pay attention', u'recommended', u'kickasstic', u'americana']"
1bdkb,"[u'singer-songwriter', u'alt-country', u'rock', u'indie', u'folk']"
1aavz,[u'acerbic']
1achw,"[u'singer-songwriter', u'folk', u'alt-country', u'folk rock', u'80s']"
vmm7,"[u'folk', u'indie', u'indie folk', u'alt-country', u'alternative folk', u'male vocalists', u'indie rock', u'folk rock', u'country folk indie', u'rock']"
1bdk2,"[u'singer-songwriter', u'alt-country', u'rock', u'indie', u'folk']"
1bdjt,"[u'singer-songwriter', u'alt-country', u'rock', u'indie', u'folk']"
17zay,[u'mfnw']
yj17,"[u'indie', u'indie rock', u'alt-country', u'rock', u'alternative']"
ma8d,"[u'british i like', u'favs4265', u'great remix', u'summer', u'indie dance', u'radio', u'other level', u'nix partly', u'candidate', u'premium']"
1b6a2,"[u'house', u'progressive house', u'electronic']"
19qx6,"[u'chill', u'chillstep', u'calm', u'dubstep', u'soothing']"
1b4ry,"[u'house', u'acid']"
179kx,"[u'indie', u'icelandic', u'alternative', u'folk', u'female vocalist', u'check out', u'lo-fi', u'radioparadise', u'radio paradise', u'2012']"
zwnr,"[u'indie', u'indie pop', u'catchy', u'summer', u'happy', u'indie rock', u'alternative', u'pop', u'foster the people', u'awesome']"
17610,"[u'chillwave', u'indie', u'indie pop', u'2010s', u'best of 2011', u'pop', u'rock', u'carpark', u'indie rock', u'2011']"
17pk5,"[u'hip hop', u'rap', u'underground hip hop', u'pittsburgh']"
1fg3p,"[u'hip hop', u'rap', u'underground rap', u'underground hip hop', u'toronto', u'canadian']"
18a02,"[u'hip hop', u'rocket shoes mixtapes']"
1ba1n,"[u'alt-country', u'americana', u'singer-songwriter', u'southern rock', u'southern rawbilly', u'post amoeba', u'christian', u'post grunge folk', u'post post', u'post core']"
11egv,"[u'hip hop', u'rap', u'dirty south']"
vchz,[u'me']
10dfz,"[u'mashup', u'2010s', u'hip hop']"
n6m3,"[u'folk', u'indie folk', u'indie', u'british', u'acoustic', u'banjo', u'bluegrass', u'catchy', u'2009', u'folk rock']"
c520,"[u'indie', u'french', u'indie pop', u'pop', u'indie rock', u'electronic', u'alternative', u'chill', u'sweet', u'rock']"
p8k5,"[u'indie', u'dance', u'electronic', u'riding-my-bike', u'fifa 2010s', u'alternative', u'fav bass lines', u'fotomotor-work', u'best of 2009', u'whitest boy alive']"
tn1m,"[u'relax', u'lo-fi', u'indie', u'keep the fate', u'rock', u'alternative', u'experimental']"
r3xt,"[u'mashup', u'weird', u'00s', u'hip hop']"
bfyh,"[u'indie', u'indie rock', u'band of horses', u'beautiful', u'melancholy', u'rock', u'alternative', u'one tree hill', u'mellow', u'american']"
p8gq,"[u'audioase', u're-re-re-re-re-mixed songs', u'epicness', u'2k9 mix', u'-fly away-']"
q92d,"[u'rap', u'hip hop', u'eminem']"
t624,"[u'electro', u'electronic', u'dance', u'italian', u'indie']"
scx3,"[u'electro', u'electronic', u'boys noize', u'dance', u'electro house', u'gute laune', u'german', u'party', u'nurave', u'ohfuck']"
1cjz9,"[u'electronic', u'ambient', u'shoegaze', u'electronica', u'beautiful', u'dreampop', u'chillout', u'post-rock', u'indie', u'dreamy']"
t9ww,"[u'electronic', u'breakbeat', u'electro', u'breaks']"
spj8,"[u'electronic', u'ambient', u'trance', u'house', u'dance', u'netlabel']"
hptp,[u'cover']
ptrz,"[u'electronic', u'chillout', u'norwegian', u'electronica', u'r\xf6yksopp', u'indie', u'trip-hop']"
rp9h,"[u'electronic', u'electropop', u'delicious', u'electro', u'house', u'downtempo', u'techno', u'disco', u'fav', u'electronica']"
sq3a,"[u'ambient', u'post rock', u'instrumental', u'post-rock', u'new age', u'chancer', u'cool', u'mateuszbestsongseva', u'exogaze', u'sadandslow']"
2c12f,[]
2c09d,[]
2c3hh,[]
2bw9n,[]
2bxcb,[]
2c321,[]
2bz99,[]
2ba6t,[]
2bxjv,[]
1y3jj,[]
2b5pr,[]
2b54c,"[u'dreampop', u'electronic', u'indie', u'berkeley', u'male vocalists']"
2b9zs,[]
28h1t,[]
2aybj,[]
2c063,[]
23px8,"[u'rhythm and blues', u'hip hop', u'female vocalist', u'pop', u'soul']"
2azcr,[]
2bq1c,[]
2bzr3,[]
2c0y2,[]
23c5d,[]
2c08j,[]
2c0vf,[]
2bzxz,[]
2c0xq,[]
2c0ae,[]
2c1vt,[]
26mqp,[]
22ky1,[]
285hh,[]
239bn,[]
27x6p,[]
112sm,[]
26ngg,[]
26vjs,[]
23hn5,[]
26tvt,[]
26px0,[]
26tvp,[]
1g7c9,[]
205r0,[]
1gght,[]
236tz,[]
1kt18,[]
1m1ve,[]
1kbcn,[]
1gh6m,[]
1fg49,[]
1f4xt,[]
1bdk0,"[u'singer-songwriter', u'alt-country', u'rock', u'indie', u'folk']"
19jvd,"[u'dubstep', u'electronic', u'2011', u'electropop', u'bass', u'remix', u'fuck you', u'cheating', u'dance', u'dub']"
1h189,[]
1b8y2,[]
18cmr,[]
1dwf0,[]
12138,"[u'turntablism', u'electronic', u'hip hop', u'scratch', u'canadian', u'electro']"
12gk7,[]
121k0,[]
11zec,[]
12hca,[]
14c8p,[]
98wz,"[u'indie', u'beautiful', u'soundtrack', u'alternative', u'sad', u'melancholy', u'folk', u'gypsy', u'little miss sunshine', u'mellow']"
11fnw,"[u'hip hop', u'rap', u'chicago', u'underground hip hop']"
11akb,"[u'indie electronic', u'indie electro', u'breakfast', u'hope', u'summer', u'indie pop', u'ion b radio', u'top quality', u'indie', u'fav']"
10s43,[]
tbhd,[]
107z7,[]
wtrs,[]
w912,[]
x834,[]
vm5p,[]
trt6,"[u'electronic', u'indie', u'indie pop', u'mgmt:', u'rock', u'synthpop', u'indietronica', u'amerika', u'new york', u'buen humor']"
tg8y,[]
symq,[]
t6xv,[]
10tpe,[]
srm4,[]
sqqv,[]
